kaltura, Technical Requirements, https://uta.instructure.com/courses/17280/pages/technical-requirements, https://corp.kaltura.com/products/core-platform/video-accessibility
kaltura, Technical Requirements, https://uta.instructure.com/courses/17280/pages/technical-requirements, >kaltura
kaltura, Technical Requirements, https://uta.instructure.com/courses/17280/pages/technical-requirements, http://corp.kaltura.com/privacy-policy
kaltura, Technical Requirements, https://uta.instructure.com/courses/17280/pages/technical-requirements, >kaltura
kaltura, Technical Requirements-2, https://uta.instructure.com/courses/17280/pages/technical-requirements-2, https://corp.kaltura.com/products/core-platform/video-accessibility
kaltura, Technical Requirements-2, https://uta.instructure.com/courses/17280/pages/technical-requirements-2, >kaltura
kaltura, Technical Requirements-2, https://uta.instructure.com/courses/17280/pages/technical-requirements-2, http://corp.kaltura.com/privacy-policy
kaltura, Technical Requirements-2, https://uta.instructure.com/courses/17280/pages/technical-requirements-2, >kaltura
kaltura, Differential Diagnosis Lecture Part I, https://uta.instructure.com/courses/17280/pages/differential-diagnosis-lecture-part-i, https://1287241.kaf.kaltura.com/browseandembed/index/media-redirect/entryid/1_my8k2ily/showdescription/false/showtitle/false/showtags/false/showduration/false/showowner/false/showuploaddate/false/playersize/400x285/playerskin/11292221/thumbembed//autoplay//starttime//endtime/#
kaltura, Transitions in Care and Levels of Care Lecture, https://uta.instructure.com/courses/17280/pages/transitions-in-care-and-levels-of-care-lecture, https://1287241.kaf.kaltura.com/browseandembed/index/media-redirect/entryid/1_fcj68glm/showdescription/false/showtitle/false/showtags/false/showduration/false/showowner/false/showuploaddate/false/playersize/400x285/playerskin/11292221/thumbembed//autoplay//starttime//endtime/#
kaltura, Differential Diagnosis Lecture Part II, https://uta.instructure.com/courses/17280/pages/differential-diagnosis-lecture-part-ii, https://1287241.kaf.kaltura.com/browseandembed/index/media-redirect/entryid/1_98dudy51/showdescription/false/showtitle/false/showtags/false/showduration/false/showowner/false/showuploaddate/false/playersize/400x285/playerskin/11292221/thumbembed//autoplay//starttime//endtime/#
kaltura, Cancer and Oncologic Emergencies Lecture, https://uta.instructure.com/courses/17280/pages/cancer-and-oncologic-emergencies-lecture, https://1287241.kaf.kaltura.com/browseandembed/index/media-redirect/entryid/1_9n49bb59/showdescription/false/showtitle/false/showtags/false/showduration/false/showowner/false/showuploaddate/false/playersize/400x285/playerskin/29436011/thumbembed//autoplay//starttime//endtime/#
kaltura, Course Resources, https://uta.instructure.com/courses/17250/pages/course-resources, >kaltura
kaltura, Course Resources, https://uta.instructure.com/courses/17250/pages/course-resources, https://corp.kaltura.com/products/core-platform/video-accessibility
kaltura, Course Resources, https://uta.instructure.com/courses/17250/pages/course-resources, http://corp.kaltura.com/privacy-policy
kaltura, Course Resources, https://uta.instructure.com/courses/17250/pages/course-resources, >kaltura
kaltura, Course Overview, https://uta.instructure.com/courses/17250/pages/course-overview, https://1287241.kaf.kaltura.com/browseandembed/index/media-redirect/entryid/1_58g0a6ge/showdescription/false/showtitle/false/showtags/false/showduration/false/showowner/false/showuploaddate/false/playersize/400x285/playerskin/11292221/thumbembed//autoplay//starttime//endtime/#
kaltura, Module 5 Lesson 1: Overview, https://uta.instructure.com/courses/17250/pages/module-5-lesson-1-overview, https://1287241.kaf.kaltura.com/browseandembed/index/media-redirect/entryid/1_b0fhesls/showdescription/false/showtitle/false/showtags/false/showduration/false/showowner/false/showuploaddate/false/playersize/400x285/playerskin/11292221/thumbembed//autoplay//starttime//endtime/#
kaltura, Module 4: Lesson 1 - Overview, https://uta.instructure.com/courses/17250/pages/module-4-lesson-1-overview, https://1287241.kaf.kaltura.com/browseandembed/index/media-redirect/entryid/1_wycehg0z/showdescription/false/showtitle/false/showtags/false/showduration/false/showowner/false/showuploaddate/false/playersize/400x285/playerskin/11292221/thumbembed//autoplay//starttime//endtime/#
kaltura, Module 3: Lesson 1 - Overview, https://uta.instructure.com/courses/17250/pages/module-3-lesson-1-overview, https://1287241.kaf.kaltura.com/browseandembed/index/media-redirect/entryid/1_zqgqjf0j/showdescription/false/showtitle/false/showtags/false/showduration/false/showowner/false/showuploaddate/false/playersize/400x285/playerskin/11292221/thumbembed//autoplay//starttime//endtime/#
kaltura, Module 2: Lesson 1 - Overview, https://uta.instructure.com/courses/17250/pages/module-2-lesson-1-overview, https://1287241.kaf.kaltura.com/browseandembed/index/media-redirect/entryid/1_e9dnerwv/showdescription/false/showtitle/false/showtags/false/showduration/false/showowner/false/showuploaddate/false/playersize/400x285/playerskin/11292221/thumbembed//autoplay//starttime//endtime/#
kaltura, Module 2: Lesson 1 - Overview, https://uta.instructure.com/courses/17250/pages/module-2-lesson-1-overview, kaltura
kaltura, Shadow Health Information , https://uta.instructure.com/courses/17250/pages/shadow-health-information-2, https://1287241.kaf.kaltura.com/browseandembed/index/media-redirect/entryid/1_4tzl5ad4/showdescription/false/showtitle/false/showtags/false/showduration/false/showowner/false/showuploaddate/false/playersize/400x285/playerskin/11292221/thumbembed//autoplay//starttime//endtime/#
kaltura, Privacy Policies, https://uta.instructure.com/courses/17250/pages/privacy-policies, >kaltura
kaltura, Privacy Policies, https://uta.instructure.com/courses/17250/pages/privacy-policies, https://corp.kaltura.com/privacy-policy%20
kaltura, Privacy Policies, https://uta.instructure.com/courses/17250/pages/privacy-policies, >https://corp.kaltura.com/privacy-policy</span></a><span
kaltura, Accesibility Policies, https://uta.instructure.com/courses/17250/pages/accesibility-policies, >kaltura</a></span></p>
kaltura, Shadow Health Overview, https://uta.instructure.com/courses/17250/pages/shadow-health-overview, https://1287241.kaf.kaltura.com/browseandembed/index/media-redirect/entryid/1_4tzl5ad4/showdescription/false/showtitle/false/showtags/false/showduration/false/showowner/false/showuploaddate/false/playersize/400x285/playerskin/11292221/thumbembed//autoplay//starttime//endtime/#
kaltura, General Survey and Vital Signs, https://uta.instructure.com/courses/17250/pages/general-survey-and-vital-signs, https://1287241.kaf.kaltura.com/browseandembed/index/media-redirect/entryid/0_vo0ekz8h/showdescription/true/showuploaddate/false/showtitle/true/playersize/400x285/showtags/true/showowner/true/showduration/true/thumbembed//autoplay//starttime//endtime/#
kaltura, Nutritional Assessment, https://uta.instructure.com/courses/17250/pages/nutritional-assessment, https://1287241.kaf.kaltura.com/browseandembed/index/media-redirect/entryid/0_zawde8if/showdescription/true/showuploaddate/false/showtitle/true/playersize/400x285/showtags/true/showowner/true/showduration/true/thumbembed//autoplay//starttime//endtime/#
kaltura, Thoracic and Lung Assessment, https://uta.instructure.com/courses/17250/pages/thoracic-and-lung-assessment, https://1287241.kaf.kaltura.com/browseandembed/index/media-redirect/entryid/0_dnshq481/showdescription/true/showuploaddate/false/showtitle/true/playersize/400x285/showtags/true/showowner/true/showduration/true/thumbembed//autoplay//starttime//endtime/#
kaltura, Skin_ Nails_ and Hair Assessment, https://uta.instructure.com/courses/17250/pages/skin-nails-and-hair-assessment, https://1287241.kaf.kaltura.com/browseandembed/index/media-redirect/entryid/0_17xtm9r0/showdescription/true/showuploaddate/false/showtitle/true/playersize/400x285/showtags/true/showowner/true/showduration/true/thumbembed//autoplay//starttime//endtime/#
kaltura, Heart and Neck Vessels Assessment, https://uta.instructure.com/courses/17250/pages/heart-and-neck-vessels-assessment, https://1287241.kaf.kaltura.com/browseandembed/index/media-redirect/entryid/0_t2cg8baf/showdescription/true/showuploaddate/false/showtitle/true/playersize/400x285/showtags/true/showowner/true/showduration/true/thumbembed//autoplay//starttime//endtime/#
kaltura, Peripheral Vascular Assessment, https://uta.instructure.com/courses/17250/pages/peripheral-vascular-assessment, https://1287241.kaf.kaltura.com/browseandembed/index/media-redirect/entryid/0_gwt4hn3x/showdescription/true/showuploaddate/false/showtitle/true/playersize/400x285/showtags/true/showowner/true/showduration/true/thumbembed//autoplay//starttime//endtime/#
kaltura, Abdominal Assessment, https://uta.instructure.com/courses/17250/pages/abdominal-assessment, https://1287241.kaf.kaltura.com/browseandembed/index/media-redirect/entryid/0_2ng8w7x8/showdescription/true/showuploaddate/false/showtitle/true/playersize/400x285/showtags/true/showowner/true/showduration/true/thumbembed//autoplay//starttime//endtime/#
kaltura, Neurological Assessment, https://uta.instructure.com/courses/17250/pages/neurological-assessment, https://1287241.kaf.kaltura.com/browseandembed/index/media-redirect/entryid/0_usvt8c4d/showdescription/true/showuploaddate/false/showtitle/true/playersize/400x285/showtags/true/showowner/true/showduration/true/thumbembed//autoplay//starttime//endtime/#
kaltura, Ears and Eyes Assessment, https://uta.instructure.com/courses/17250/pages/ears-and-eyes-assessment, https://1287241.kaf.kaltura.com/browseandembed/index/media-redirect/entryid/0_6rzdh6n6/showdescription/true/showuploaddate/false/showtitle/true/playersize/400x285/showtags/true/showowner/true/showduration/true/thumbembed//autoplay//starttime//endtime/#
kaltura, Musculoskeletal Assessment, https://uta.instructure.com/courses/17250/pages/musculoskeletal-assessment, https://1287241.kaf.kaltura.com/browseandembed/index/media-redirect/entryid/0_b5k2nhtx/showdescription/true/showuploaddate/false/showtitle/true/playersize/400x285/showtags/true/showowner/true/showduration/true/thumbembed//autoplay//starttime//endtime/#
kaltura, Head and Neck Assessment, https://uta.instructure.com/courses/17250/pages/head-and-neck-assessment, https://1287241.kaf.kaltura.com/browseandembed/index/media-redirect/entryid/0_0p9pz366/showdescription/true/showuploaddate/false/showtitle/true/playersize/400x285/showtags/true/showowner/true/showduration/true/thumbembed//autoplay//starttime//endtime/#
kaltura, Mouth_ Throat_ Nose_ Sinuses Assesment, https://uta.instructure.com/courses/17250/pages/mouth-throat-nose-sinuses-assesment, https://1287241.kaf.kaltura.com/browseandembed/index/media-redirect/entryid/0_1w4lqzn6/showdescription/true/showuploaddate/false/showtitle/true/playersize/400x285/showtags/true/showowner/true/showduration/true/thumbembed//autoplay//starttime//endtime/#
kaltura, Course Resources, https://uta.instructure.com/courses/17250/pages/course-resources, >kaltura
kaltura, Course Resources, https://uta.instructure.com/courses/17250/pages/course-resources, http://corp.kaltura.com/privacy-policy
kaltura, Course Resources, https://uta.instructure.com/courses/17250/pages/course-resources, >kaltura
kaltura, Course Resources, https://uta.instructure.com/courses/17250/pages/course-resources, https://corp.kaltura.com/products/core-platform/video-accessibility
kaltura, Module 5 Lesson 1: Overview, https://uta.instructure.com/courses/17250/pages/module-5-lesson-1-overview, https://1287241.kaf.kaltura.com/browseandembed/index/media-redirect/entryid/1_b0fhesls/showdescription/false/showtitle/false/showtags/false/showduration/false/showowner/false/showuploaddate/false/playersize/400x285/playerskin/11292221/thumbembed//autoplay//starttime//endtime/#
kaltura, Module 2: Lesson 1 - Overview, https://uta.instructure.com/courses/17250/pages/module-2-lesson-1-overview, https://1287241.kaf.kaltura.com/browseandembed/index/media-redirect/entryid/1_e9dnerwv/showdescription/false/showtitle/false/showtags/false/showduration/false/showowner/false/showuploaddate/false/playersize/400x285/playerskin/11292221/thumbembed//autoplay//starttime//endtime/#
kaltura, Module 2: Lesson 1 - Overview, https://uta.instructure.com/courses/17250/pages/module-2-lesson-1-overview, kaltura
kaltura, Privacy Policies, https://uta.instructure.com/courses/17250/pages/privacy-policies, >kaltura
kaltura, Privacy Policies, https://uta.instructure.com/courses/17250/pages/privacy-policies, https://corp.kaltura.com/privacy-policy%20
kaltura, Privacy Policies, https://uta.instructure.com/courses/17250/pages/privacy-policies, >https://corp.kaltura.com/privacy-policy</span></a><span
kaltura, Accesibility Policies, https://uta.instructure.com/courses/17250/pages/accesibility-policies, >kaltura</a></span></p>
kaltura, Shadow Health Overview, https://uta.instructure.com/courses/17250/pages/shadow-health-overview, https://1287241.kaf.kaltura.com/browseandembed/index/media-redirect/entryid/1_4tzl5ad4/showdescription/false/showtitle/false/showtags/false/showduration/false/showowner/false/showuploaddate/false/playersize/400x285/playerskin/11292221/thumbembed//autoplay//starttime//endtime/#
kaltura, Course Resources, https://uta.instructure.com/courses/17250/pages/course-resources, https://corp.kaltura.com/products/core-platform/video-accessibility
kaltura, Course Resources, https://uta.instructure.com/courses/17250/pages/course-resources, >kaltura
kaltura, Course Resources, https://uta.instructure.com/courses/17250/pages/course-resources, http://corp.kaltura.com/privacy-policy
kaltura, Course Resources, https://uta.instructure.com/courses/17250/pages/course-resources, >kaltura
kaltura, Module 2: Lesson 1 - Overview, https://uta.instructure.com/courses/17250/pages/module-2-lesson-1-overview, kaltura
kaltura, Privacy Policies, https://uta.instructure.com/courses/17250/pages/privacy-policies, >kaltura
kaltura, Privacy Policies, https://uta.instructure.com/courses/17250/pages/privacy-policies, https://corp.kaltura.com/privacy-policy%20
kaltura, Privacy Policies, https://uta.instructure.com/courses/17250/pages/privacy-policies, >https://corp.kaltura.com/privacy-policy</span></a><span
kaltura, Accesibility Policies, https://uta.instructure.com/courses/17250/pages/accesibility-policies, >kaltura</a></span></p>
kaltura, Technical Requirements, https://uta.instructure.com/courses/17759/pages/technical-requirements, https://corp.kaltura.com/products/core-platform/video-accessibility
kaltura, Technical Requirements, https://uta.instructure.com/courses/17759/pages/technical-requirements, http://corp.kaltura.com/privacy-policy
kaltura, Technical Requirements, https://uta.instructure.com/courses/17759/pages/technical-requirements, >kaltura
kaltura, Technical Requirements, https://uta.instructure.com/courses/17759/pages/technical-requirements, >kaltura
kaltura, Technical Requirements-2, https://uta.instructure.com/courses/17759/pages/technical-requirements-2, https://corp.kaltura.com/products/core-platform/video-accessibility
kaltura, Technical Requirements-2, https://uta.instructure.com/courses/17759/pages/technical-requirements-2, http://corp.kaltura.com/privacy-policy
kaltura, Technical Requirements-2, https://uta.instructure.com/courses/17759/pages/technical-requirements-2, >kaltura
kaltura, Technical Requirements-2, https://uta.instructure.com/courses/17759/pages/technical-requirements-2, >kaltura
kaltura, Course Overview, https://uta.instructure.com/courses/17759/pages/course-overview, https://1287241.kaf.kaltura.com/browseandembed/index/media-redirect/entryid/0_qea2torr/showdescription/false/showtitle/false/showtags/false/showduration/false/showowner/false/showuploaddate/false/playersize/400x285/playerskin/11292221/thumbembed//autoplay//starttime//endtime/#
